C1_GPA,C2_Certificates,C3_ParentIncomeIDR,C4_Dependents,C5_OrgScore,C6_VolunteerEvents,C7_LetterScore,C8_InterviewScore,C9_DocComplete,C10_OnTime
0.14285714285714285,0.05714285714285714,0.11428571428571428,0.14285714285714285,0.11428571428571428,0.08571428571428572,0.08571428571428572,0.14285714285714285,0.08571428571428572,0.02857142857142857
