C1_GPA,C2_Certificates,C3_ParentIncomeIDR,C4_Dependents,C5_OrgScore,C6_VolunteerEvents,C7_LetterScore,C8_InterviewScore,C9_DocComplete,C10_OnTime
0.06666666666666667,0.1,0.13333333333333333,0.16666666666666666,0.06666666666666667,0.1,0.16666666666666666,0.1,0.06666666666666667,0.03333333333333333
