C1_GPA,C2_Certificates,C3_ParentIncomeIDR,C4_Dependents,C5_OrgScore,C6_VolunteerEvents,C7_LetterScore,C8_InterviewScore,C9_DocComplete,C10_OnTime
0.07692307692307693,0.07692307692307693,0.07692307692307693,0.07692307692307693,0.07692307692307693,0.3076923076923077,0.07692307692307693,0.07692307692307693,0.07692307692307693,0.07692307692307693
